vds,vgs,id,gm,gm_over_id,gm_r0
0,0,-2.59641E-36,0,-0,0
0,0.05,1.69343E-37,0,0,0
0,0.1,2.42479E-37,0,0,0
0,0.15,4.68086E-37,0,0,0
0,0.2,1.04331E-36,0,0,0
0,0.25,2.34712E-36,0,0,0
0,0.3,4.91839E-36,0,0,0
0,0.35,8.91517E-36,0,0,0
0,0.4,1.21535E-35,0,0,0
0,0.45,7.95748E-36,0,0,0
0,0.5,-6.33413E-37,0,-0,0
0,0.55,-1.15755E-34,0,-0,0
0,0.6,-9.51141E-34,0,-0,0
0,0.65,-4.79229E-33,0,-0,0
0,0.7,-2.03786E-32,0,-0,0
0,0.75,-6.38543E-32,0,-0,0
0,0.8,-1.29929E-31,0,-0,0
0,0.85,-1.76455E-31,0,-0,0
0,0.9,-1.60172E-31,0,-0,0
0,0.95,-6.22234E-32,0,-0,0
0,1,1.17014E-31,0,0,0
0,1.05,3.73269E-31,0,0,0
0,1.1,-4.193E-31,0,-0,0
0,1.15,-1.04777E-32,0,-0,0
0,1.2,4.80352E-31,0,0,0
0,1.25,-1.23256E-19,0,-0,0
0,1.3,-1.33931E-19,0,-0,0
0,1.35,1.23697E-19,0,0,0
0,1.4,-7.8857E-34,0,-0,0
0,1.45,1.88291E-33,0,0,0
0,1.5,1.74974E-33,0,0,0
0,1.55,-8.12255E-36,0,-0,0
0,1.6,1.06957E-33,0,0,0
0,1.65,5.99235E-35,0,0,0
0,1.7,1.48625E-33,0,0,0
0,1.75,-1.79374E-33,0,-0,0
0.05,0,3.24518E-13,6.8355E-12,21.0635,2.83766
0.05,0.05,1.01052E-12,2.41501E-11,23.8985,2.85415
0.05,0.1,3.4337E-12,8.53031E-11,24.8429,2.87062
0.05,0.15,1.19904E-11,3.01176E-10,25.118,2.88688
0.05,0.2,4.21875E-11,1.06247E-09,25.1846,2.90256
0.05,0.25,1.48625E-10,3.7424E-09,25.1801,2.91696
0.05,0.3,5.22946E-10,1.31444E-08,25.1353,2.92877
0.05,0.35,1.83385E-09,4.5924E-08,25.0425,2.93552
0.05,0.4,6.38961E-09,1.58916E-07,24.871,2.93277
0.05,0.45,2.20064E-08,5.40649E-07,24.5678,2.91271
0.05,0.5,7.4295E-08,1.78755E-06,24.0601,2.86261
0.05,0.55,2.42942E-07,5.65647E-06,23.2832,2.76365
0.05,0.6,7.58781E-07,1.68663E-05,22.2282,2.58798
0.05,0.65,2.2317E-06,4.65312E-05,20.8501,2.2827
0.05,0.7,6.02637E-06,0.000112668,18.6959,1.79006
0.05,0.75,1.4176E-05,0.000217666,15.3545,1.22899
0.05,0.8,2.78155E-05,0.000324265,11.6577,0.806728
0.05,0.85,4.60074E-05,0.000396629,8.62097,0.545295
0.05,0.9,6.68408E-05,0.000431504,6.4557,0.38736
0.05,0.95,8.87427E-05,0.000441796,4.97839,0.289205
0.05,1,0.000110807,0.000439637,3.9676,0.225642
0.05,1.05,0.000132607,0.000432035,3.25802,0.182552
0.05,1.1,0.00015396,0.000422116,2.74173,0.151944
0.05,1.15,0.000174784,0.000410989,2.35141,0.129209
0.05,1.2,0.000195027,0.000398924,2.04548,0.111634
0.05,1.25,0.000214643,0.000385929,1.798,0.0975765
0.05,1.3,0.000233585,0.000371976,1.59246,0.0860112
0.05,1.35,0.000251805,0.00035708,1.41808,0.0762781
0.05,1.4,0.000269258,0.000341309,1.26759,0.0679377
0.05,1.45,0.000285903,0.000324772,1.13595,0.0606872
0.05,1.5,0.000301704,0.000307607,1.01956,0.0543119
0.05,1.55,0.000316635,0.000289966,0.915775,0.0486548
0.05,1.6,0.000330675,0.000272007,0.822582,0.043598
0.05,1.65,0.000343813,0.000253886,0.738442,0.039051
0.05,1.7,0.000356044,0.000235748,0.662133,0.0349428
0.05,1.75,0.000367371,0.000217732,0.592677,0.0312165
0.1,0,4.61853E-13,8.9886E-12,19.462,6.27279
0.1,0.05,1.36224E-12,3.16744E-11,23.2516,6.35447
0.1,0.1,4.53526E-12,1.11589E-10,24.6048,6.43787
0.1,0.15,1.57108E-11,3.92956E-10,25.0119,6.52261
0.1,0.2,5.50484E-11,1.38263E-09,25.1167,6.60796
0.1,0.25,1.93342E-10,4.85737E-09,25.1232,6.69241
0.1,0.3,6.78416E-10,1.70158E-08,25.0816,6.77305
0.1,0.35,2.37273E-09,5.92941E-08,24.9898,6.84446
0.1,0.4,8.24562E-09,2.04648E-07,24.819,6.89716
0.1,0.45,2.83258E-08,6.94474E-07,24.5173,6.9163
0.1,0.5,9.53978E-08,2.29091E-06,24.0142,6.88404
0.1,0.55,3.11319E-07,7.23848E-06,23.251,6.7939
0.1,0.6,9.71704E-07,2.16153E-05,22.2448,6.67842
0.1,0.65,2.87093E-06,6.04446E-05,21.054,6.57403
0.1,0.7,7.92231E-06,0.000153887,19.4246,6.22974
0.1,0.75,1.96768E-05,0.000329884,16.7651,4.97894
0.1,0.8,4.16821E-05,0.000549513,13.1834,3.11888
0.1,0.85,7.37358E-05,0.000718924,9.75,1.81249
0.1,0.9,0.000112176,0.000806758,7.19189,1.13796
0.1,0.95,0.000153464,0.000838279,5.46237,0.784344
0.1,1,0.000195516,0.000840977,4.30133,0.58117
0.1,1.05,0.000237333,0.000830751,3.50037,0.45404
0.1,1.1,0.000278476,0.000814808,2.92596,0.368639
0.1,1.15,0.000318739,0.000795865,2.49692,0.307775
0.1,1.2,0.000357998,0.000774731,2.16407,0.262216
0.1,1.25,0.000396148,0.000751562,1.89718,0.226711
0.1,1.3,0.000433088,0.000726377,1.67721,0.198126
0.1,1.35,0.000468718,0.000699237,1.49181,0.174506
0.1,1.4,0.000502945,0.000670285,1.33272,0.154579
0.1,1.45,0.000535683,0.000639737,1.19424,0.137486
0.1,1.5,0.000566859,0.000607855,1.07232,0.122631
0.1,1.55,0.000596414,0.00057493,0.963979,0.109582
0.1,1.6,0.000624303,0.000541264,0.86699,0.0980201
0.1,1.65,0.000650496,0.000507152,0.779639,0.0877043
0.1,1.7,0.000674979,0.000472879,0.700583,0.0784473
0.1,1.75,0.000697751,0.000438708,0.628745,0.0701014
0.15,0,5.81313E-13,1.07216E-11,18.4438,7.73985
0.15,0.05,1.65423E-12,3.76835E-11,22.78,7.86449
0.15,0.1,5.42277E-12,1.32415E-10,24.4183,7.99267
0.15,0.15,1.86642E-11,4.65082E-10,24.9184,8.12405
0.15,0.2,6.51483E-11,1.63215E-09,25.0529,8.25778
0.15,0.25,2.28143E-10,5.71903E-09,25.0677,8.39208
0.15,0.3,7.98367E-10,1.99818E-08,25.0284,8.5234
0.15,0.35,2.78488E-09,6.94464E-08,24.937,8.64498
0.15,0.4,9.65231E-09,2.39048E-07,24.7659,8.74489
0.15,0.45,3.30691E-08,8.08954E-07,24.4625,8.80452
0.15,0.5,1.11054E-07,2.66014E-06,23.9534,8.8023
0.15,0.55,3.61171E-07,8.36875E-06,23.1712,8.73566
0.15,0.6,1.12165E-06,2.48088E-05,22.118,8.67172
0.15,0.65,3.28753E-06,6.85858E-05,20.8624,8.76248
0.15,0.7,8.98464E-06,0.000173044,19.26,8.99462
0.15,0.75,2.22603E-05,0.000375725,16.8787,8.70828
0.15,0.8,4.79642E-05,0.000659566,13.7512,7.0575
0.15,0.85,8.79544E-05,0.000928528,10.5569,4.64529
0.15,0.9,0.000139142,0.00110095,7.91238,2.80859
0.15,0.95,0.000196433,0.00117835,5.99874,1.77768
0.15,1,0.000256037,0.0011999,4.68643,1.22359
0.15,1.05,0.00031597,0.00119511,3.78235,0.905564
0.15,1.1,0.000375326,0.00117838,3.13963,0.707102
0.15,1.15,0.000433676,0.00115552,2.66447,0.573676
0.15,1.2,0.000490773,0.00112854,2.29951,0.47831
0.15,1.25,0.000546432,0.00109807,2.00953,0.40671
0.15,1.3,0.000600483,0.00106433,1.77245,0.350805
0.15,1.35,0.000652768,0.00102749,1.57406,0.305774
0.15,1.4,0.000703138,0.000987818,1.40487,0.268594
0.15,1.45,0.000751459,0.000945624,1.25838,0.237286
0.15,1.5,0.000797615,0.000901301,1.13,0.2105
0.15,1.55,0.00084151,0.000855269,1.01635,0.187291
0.15,1.6,0.00088307,0.000807962,0.914947,0.16697
0.15,1.65,0.000922242,0.000759809,0.823871,0.149026
0.15,1.7,0.000958995,0.00071122,0.741631,0.133069
0.15,1.75,0.000993315,0.000662582,0.667041,0.118799
0.2,0,7.02105E-13,1.24615E-11,17.7487,8.71722
0.2,0.05,1.94689E-12,4.36854E-11,22.4386,8.87541
0.2,0.1,6.30918E-12,1.53108E-10,24.2676,9.03885
0.2,0.15,2.15952E-11,5.36373E-10,24.8376,9.20724
0.2,0.2,7.51226E-11,1.87747E-09,24.9921,9.37974
0.2,0.25,2.62322E-10,6.56152E-09,25.0132,9.55442
0.2,0.3,9.15523E-10,2.28657E-08,24.9756,9.7273
0.2,0.35,3.18515E-09,7.92609E-08,24.8845,9.89072
0.2,0.4,1.10106E-08,2.72106E-07,24.713,10.0308
0.2,0.45,3.76221E-08,9.18285E-07,24.4081,10.1256
0.2,0.5,1.25987E-07,3.01027E-06,23.8934,10.1481
0.2,0.55,4.08356E-07,9.43022E-06,23.0931,10.0904
0.2,0.6,1.26197E-06,2.77544E-05,21.9929,10.0234
0.2,0.65,3.66857E-06,7.5778E-05,20.656,10.1371
0.2,0.7,9.90605E-06,0.000188202,18.9987,10.5391
0.2,0.75,2.42517E-05,0.000404685,16.6869,10.7799
0.2,0.8,5.19886E-05,0.000715005,13.7531,9.96456
0.2,0.85,9.58926E-05,0.00103414,10.7843,7.91459
0.2,0.9,0.000154079,0.00127689,8.28727,5.54704
0.2,0.95,0.000221888,0.00142044,6.40159,3.69756
0.2,1,0.000294823,0.00148736,5.04493,2.50408
0.2,1.05,0.000369836,0.00150813,4.07782,1.77673
0.2,1.1,0.000445194,0.00150387,3.37802,1.32616
0.2,1.15,0.000519961,0.00148579,2.85751,1.03382
0.2,1.2,0.00059359,0.00145902,2.45796,0.833841
0.2,1.25,0.000665712,0.00142581,2.14177,0.690118
0.2,1.3,0.000736033,0.00138718,1.88468,0.582332
0.2,1.35,0.0008043,0.0013438,1.67076,0.498579
0.2,1.4,0.000870288,0.00129617,1.48936,0.431581
0.2,1.45,0.000933798,0.00124484,1.33309,0.376702
0.2,1.5,0.000994661,0.00119037,1.19676,0.330871
0.2,1.55,0.00105273,0.00113333,1.07656,0.291986
0.2,1.6,0.0011079,0.0010743,0.969675,0.258564
0.2,1.65,0.00116008,0.00101386,0.873958,0.229525
0.2,1.7,0.00120921,0.00095255,0.787744,0.204069
0.2,1.75,0.00125527,0.000890883,0.709714,0.181586
0.25,0,8.2423E-13,1.42658E-11,17.308,9.53678
0.25,0.05,2.24709E-12,4.98821E-11,22.1985,9.72613
0.25,0.1,7.22089E-12,1.74377E-10,24.1489,9.92249
0.25,0.15,2.46034E-11,6.09308E-10,24.7652,10.1257
0.25,0.2,8.5314E-11,2.12726E-09,24.9345,10.3348
0.25,0.25,2.9709E-10,7.4153E-09,24.9597,10.548
0.25,0.3,1.03413E-09,2.57739E-08,24.9232,10.7608
0.25,0.35,3.58842E-09,8.91087E-08,24.8323,10.9649
0.25,0.4,1.23723E-08,3.05107E-07,24.6605,11.1448
0.25,0.45,4.21628E-08,1.02685E-06,24.3544,11.2749
0.25,0.5,1.40802E-07,3.35604E-06,23.8352,11.3227
0.25,0.55,4.54908E-07,1.04719E-05,23.0199,11.2721
0.25,0.6,1.39949E-06,3.06203E-05,21.8796,11.1878
0.25,0.65,4.03835E-06,8.26609E-05,20.469,11.2711
0.25,0.7,1.07831E-05,0.00020214,18.746,11.6895
0.25,0.75,2.60677E-05,0.000428866,16.452,12.1223
0.25,0.8,5.53561E-05,0.000753891,13.6189,11.773
0.25,0.85,0.000101734,0.00109595,10.7726,10.2737
0.25,0.9,0.000163812,0.00137253,8.37871,8.13445
0.25,0.95,0.000237432,0.0015581,6.56229,6.07658
0.25,1,0.00031834,0.00166822,5.24037,4.45382
0.25,1.05,0.000403377,0.00172704,4.28145,3.28737
0.25,1.1,0.000490467,0.00175283,3.5738,2.47524
0.25,1.15,0.000578262,0.00175669,3.03789,1.90941
0.25,1.2,0.000665837,0.00174488,2.62058,1.50851
0.25,1.25,0.000752505,0.00172095,2.28696,1.2177
0.25,1.3,0.000837719,0.0016871,2.01392,1.00134
0.25,1.35,0.000921023,0.00164487,1.78591,0.836319
0.25,1.4,0.00100203,0.00159546,1.59223,0.707546
0.25,1.45,0.00108041,0.00153994,1.42533,0.604957
0.25,1.5,0.00115588,0.00147927,1.27978,0.521714
0.25,1.55,0.0012282,0.00141437,1.15158,0.453069
0.25,1.6,0.00129719,0.00134612,1.03772,0.395656
0.25,1.65,0.0013627,0.00127534,0.935892,0.347039
0.25,1.7,0.00142463,0.00120283,0.844307,0.305424
0.25,1.75,0.0014829,0.00112929,0.761541,0.269464
0.3,0,9.51239E-13,1.61522E-11,16.9801,10.2765
0.3,0.05,2.55884E-12,5.63335E-11,22.0152,10.4964
0.3,0.1,8.1668E-12,1.96425E-10,24.0516,10.7251
0.3,0.15,2.77183E-11,6.84589E-10,24.6981,10.9626
0.3,0.2,9.58238E-11,2.38395E-09,24.8785,11.2082
0.3,0.25,3.32787E-10,8.28866E-09,24.9068,11.4598
0.3,0.3,1.15536E-09,2.87351E-08,24.8712,11.7129
0.3,0.35,3.99867E-09,9.90885E-08,24.7804,11.9584
0.3,0.4,1.3751E-08,3.38388E-07,24.6084,12.1792
0.3,0.45,4.67382E-08,1.1358E-06,24.3013,12.3466
0.3,0.5,1.55656E-07,3.70127E-06,23.7785,12.4221
0.3,0.55,5.01354E-07,1.15066E-05,22.9512,12.3802
0.3,0.6,1.53598E-06,3.34499E-05,21.7775,12.2754
0.3,0.65,4.40308E-06,8.93952E-05,20.3029,12.3093
0.3,0.7,1.16395E-05,0.000215518,18.5161,12.6835
0.3,0.75,2.78063E-05,0.000451051,16.2212,13.1609
0.3,0.8,5.84563E-05,0.000786471,13.454,13.0293
0.3,0.85,0.000106772,0.0011414,10.6901,11.8815
0.3,0.9,0.000171517,0.00143443,8.3632,10.0489
0.3,0.95,0.000248718,0.00164002,6.59389,8.11136
0.3,1,0.000334282,0.00177287,5.30353,6.41996
0.3,1.05,0.000425153,0.00185593,4.36533,5.06848
0.3,1.1,0.000519303,0.0019063,3.67088,4.02556
0.3,1.15,0.000615373,0.00193403,3.14285,3.22713
0.3,1.2,0.000712382,0.00194456,2.72965,2.61314
0.3,1.25,0.00080955,0.00194083,2.39742,2.13649
0.3,1.3,0.00090621,0.00192459,2.12378,1.76233
0.3,1.35,0.00100177,0.00189707,1.89372,1.4654
0.3,1.4,0.00109569,0.00185925,1.69687,1.22734
0.3,1.45,0.00118748,0.00181206,1.52597,1.03468
0.3,1.5,0.0012767,0.00175642,1.37575,0.877466
0.3,1.55,0.00136294,0.00169331,1.24239,0.7482
0.3,1.6,0.00144586,0.00162375,1.12303,0.64117
0.3,1.65,0.00152516,0.00154882,1.01552,0.551964
0.3,1.7,0.0016006,0.00146965,0.918188,0.477136
0.3,1.75,0.001672,0.00138736,0.829759,0.413967
0.35,0,1.08091E-12,1.81294E-11,16.7723,10.9636
0.35,0.05,2.88392E-12,6.30682E-11,21.8689,11.2137
0.35,0.1,9.15357E-12,2.19346E-10,23.9629,11.4747
0.35,0.15,3.09521E-11,7.62523E-10,24.6356,11.7466
0.35,0.2,1.06695E-10,2.64855E-09,24.8235,12.0289
0.35,0.25,3.69552E-10,9.18501E-09,24.8545,12.3196
0.35,0.3,1.27967E-09,3.17607E-08,24.8194,12.6138
0.35,0.35,4.41748E-09,1.09239E-07,24.7287,12.902
0.35,0.4,1.5152E-08,3.72079E-07,24.5565,13.1654
0.35,0.45,5.1366E-08,1.24556E-06,24.2487,13.3724
0.35,0.5,1.7061E-07,4.04742E-06,23.7232,13.4784
0.35,0.55,5.47893E-07,1.25391E-05,22.886,13.4479
0.35,0.6,1.67212E-06,3.62593E-05,21.6846,13.3232
0.35,0.65,4.76507E-06,9.60407E-05,20.1551,13.3003
0.35,0.7,1.24841E-05,0.000228575,18.3093,13.6022
0.35,0.75,2.95019E-05,0.000472176,16.0049,14.0523
0.35,0.8,6.14174E-05,0.000815972,13.2857,14.0053
0.35,0.85,0.000111419,0.00117943,10.5855,13.0515
0.35,0.9,0.000178291,0.0014816,8.31001,11.437
0.35,0.95,0.000258096,0.00169717,6.57572,9.65623
0.35,1,0.000346785,0.00184091,5.30851,8.03044
0.35,1.05,0.00044135,0.00193581,4.38611,6.66503
0.35,1.1,0.000539809,0.00199898,3.70312,5.55272
0.35,1.15,0.000640853,0.00204045,3.18397,4.65138
0.35,1.2,0.000743545,0.0020656,2.77805,3.91713
0.35,1.25,0.000847148,0.00207729,2.4521,3.31377
0.35,1.3,0.000951032,0.00207713,2.18408,2.81344
0.35,1.35,0.00105463,0.00206616,1.95913,2.39517
0.35,1.4,0.00115743,0.00204511,1.76694,2.04307
0.35,1.45,0.00125893,0.00201452,1.60018,1.74503
0.35,1.5,0.00135868,0.00197483,1.4535,1.49169
0.35,1.55,0.00145621,0.00192642,1.3229,1.27573
0.35,1.6,0.00155112,0.00186965,1.20536,1.09133
0.35,1.65,0.00164299,0.00180495,1.09858,0.933804
0.35,1.7,0.00173143,0.00173284,1.00082,0.799275
0.35,1.75,0.00181609,0.00165404,0.910766,0.684502
0.4,0,1.2168E-12,2.02034E-11,16.6036,11.6103
0.4,0.05,3.2232E-12,7.01046E-11,21.75,11.8906
0.4,0.1,1.01785E-11,2.43199E-10,23.8934,12.184
0.4,0.15,3.43103E-11,8.43292E-10,24.5784,12.4907
0.4,0.2,1.17949E-10,2.92163E-09,24.7702,12.8101
0.4,0.25,4.07463E-10,1.01062E-08,24.8026,13.1405
0.4,0.3,1.40731E-09,3.48564E-08,24.768,13.4768
0.4,0.35,4.84564E-09,1.19577E-07,24.6773,13.8089
0.4,0.4,1.65779E-08,4.0624E-07,24.505,14.1169
0.4,0.45,5.60546E-08,1.35633E-06,24.1966,14.3658
0.4,0.5,1.85691E-07,4.39513E-06,23.669,14.5052
0.4,0.55,5.94616E-07,1.35715E-05,22.8239,14.4894
0.4,0.6,1.80821E-06,3.90561E-05,21.5994,14.3468
0.4,0.65,5.12541E-06,0.000102625,20.0228,14.2646
0.4,0.7,1.33208E-05,0.000241419,18.1234,14.4795
0.4,0.75,3.11699E-05,0.000492649,15.8053,14.863
0.4,0.8,6.42943E-05,0.000843705,13.1226,14.8258
0.4,0.85,0.000115844,0.00121346,10.475,13.9669
0.4,0.9,0.000184559,0.00152125,8.24263,12.4861
0.4,0.95,0.000266481,0.00174214,6.53761,10.8254
0.4,1,0.00035755,0.00189124,5.28943,9.2814
0.4,1.05,0.000454771,0.0019918,4.37979,7.95695
0.4,1.1,0.000556182,0.00206114,3.70588,6.85094
0.4,1.15,0.000660501,0.00210942,3.19367,5.92883
0.4,1.2,0.000766827,0.00214209,2.79345,5.15361
0.4,1.25,0.000874458,0.00216209,2.47249,4.49475
0.4,1.3,0.000982809,0.00217113,2.2091,3.929
0.4,1.35,0.00109136,0.00217035,1.98866,3.43893
0.4,1.4,0.00119965,0.00216058,1.80101,3.01137
0.4,1.45,0.00130723,0.00214244,1.63892,2.63624
0.4,1.5,0.00141371,0.00211641,1.49707,2.30566
0.4,1.55,0.00151869,0.00208282,1.37146,2.01344
0.4,1.6,0.00162181,0.00204187,1.25901,1.75461
0.4,1.65,0.0017227,0.00199364,1.15728,1.5252
0.4,1.7,0.001821,0.00193815,1.06434,1.32196
0.4,1.75,0.00191634,0.00187538,0.97863,1.14222
0.45,0,1.35447E-12,2.2379E-11,16.5223,12.2237
0.45,0.05,3.57314E-12,7.74574E-11,21.6777,12.5342
0.45,0.1,1.12488E-11,2.68027E-10,23.8272,12.8601
0.45,0.15,3.78044E-11,9.27027E-10,24.5216,13.2017
0.45,0.2,1.29607E-10,3.20358E-09,24.7175,13.5588
0.45,0.25,4.46575E-10,1.10533E-08,24.7512,13.9295
0.45,0.3,1.53845E-09,3.80257E-08,24.7169,14.3089
0.45,0.35,5.28365E-09,1.30116E-07,24.6261,14.6863
0.45,0.4,1.80301E-08,4.40903E-07,24.4537,15.0405
0.45,0.45,6.08086E-08,1.46822E-06,24.145,15.3338
0.45,0.5,2.00914E-07,4.74473E-06,23.6157,15.5095
0.45,0.55,6.41569E-07,1.46048E-05,22.7643,15.5117
0.45,0.6,1.94439E-06,4.18441E-05,21.5205,15.354
0.45,0.65,5.48464E-06,0.000109163,19.9034,15.2123
0.45,0.7,1.41519E-05,0.000254109,17.9558,15.3321
0.45,0.75,3.28183E-05,0.000512678,15.6217,15.6257
0.45,0.8,6.71145E-05,0.000870308,12.9675,15.5527
0.45,0.85,0.000120126,0.00124507,10.3647,14.7265
0.45,0.9,0.000190518,0.00155656,8.17013,13.3187
0.45,0.95,0.000274278,0.00178034,6.49098,11.7368
0.45,1,0.000367322,0.001932,5.25968,10.2585
0.45,1.05,0.000466645,0.00203518,4.3613,8.98149
0.45,1.1,0.000570295,0.00210741,3.6953,7.9048
0.45,1.15,0.000677008,0.00215897,3.18899,6.99566
0.45,1.2,0.000785902,0.00219538,2.79345,6.21914
0.45,1.25,0.000896302,0.00221962,2.47641,5.54688
0.45,1.3,0.00100765,0.00223347,2.21652,4.95774
0.45,1.35,0.00111945,0.00223814,1.99932,4.43625
0.45,1.4,0.00123128,0.00223458,1.81485,3.97096
0.45,1.45,0.00134274,0.00222352,1.65597,3.55324
0.45,1.5,0.00145347,0.00220558,1.51747,3.17638
0.45,1.55,0.00156314,0.00218123,1.39542,2.83508
0.45,1.6,0.00167144,0.00215081,1.2868,2.52512
0.45,1.65,0.00177807,0.00211452,1.18922,2.24307
0.45,1.7,0.00188274,0.00207245,1.10076,1.98616
0.45,1.75,0.00198516,0.00202456,1.01985,1.75213
0.5,0,1.49925E-12,2.46605E-11,16.4486,12.8083
0.5,0.05,3.93996E-12,8.51393E-11,21.6092,13.149
0.5,0.1,1.23652E-11,2.93865E-10,23.7655,13.5074
0.5,0.15,4.14335E-11,1.01383E-09,24.4689,13.8842
0.5,0.2,1.4168E-10,3.4947E-09,24.666,14.2793
0.5,0.25,4.86926E-10,1.20272E-08,24.7002,14.6909
0.5,0.3,1.67319E-09,4.12709E-08,24.6659,15.1143
0.5,0.35,5.7318E-09,1.4086E-07,24.5752,15.5383
0.5,0.4,1.95096E-08,4.76087E-07,24.4027,15.9405
0.5,0.45,6.56305E-08,1.58128E-06,24.0937,16.2802
0.5,0.5,2.16286E-07,5.09639E-06,23.5632,16.4952
0.5,0.55,6.88776E-07,1.56398E-05,22.7067,16.5187
0.5,0.6,2.08076E-06,4.46255E-05,21.4468,16.349
0.5,0.65,5.84308E-06,0.000115662,19.7948,16.1488
0.5,0.7,1.49785E-05,0.000266677,17.804,16.1692
0.5,0.75,3.44519E-05,0.000532384,15.453,16.3578
0.5,0.8,6.98937E-05,0.000896136,12.8214,16.2197
0.5,0.85,0.000124309,0.00127508,10.2574,15.3852
0.5,0.9,0.00019627,0.00158909,8.09646,14.0086
0.5,0.95,0.000281697,0.00181435,6.44079,12.4723
0.5,1,0.000376468,0.00196703,5.22496,11.0394
0.5,1.05,0.000477566,0.00207118,4.33696,9.8018
0.5,1.1,0.000583043,0.00214457,3.67824,8.75653
0.5,1.15,0.000691649,0.00219758,3.17731,7.87026
0.5,1.2,0.000802516,0.00223578,2.78596,7.10801
0.5,1.25,0.000914988,0.00226215,2.47233,6.44181
0.5,1.3,0.00102852,0.00227852,2.21533,5.85118
0.5,1.35,0.00114265,0.00228612,2.00072,5.32152
0.5,1.4,0.00125696,0.00228593,1.81862,4.8423
0.5,1.45,0.00137108,0.00227878,1.66203,4.40576
0.5,1.5,0.00148468,0.00226535,1.52582,4.00597
0.5,1.55,0.00159747,0.00224623,1.40612,3.63831
0.5,1.6,0.00170917,0.00222187,1.29997,3.29906
0.5,1.65,0.00181952,0.00219262,1.20505,2.98522
0.5,1.7,0.0019283,0.0021587,1.11949,2.69431
0.5,1.75,0.00203526,0.00212024,1.04175,2.42432
0.55,0,1.64846E-12,2.70522E-11,16.4106,13.3672
0.55,0.05,4.3201E-12,9.3162E-11,21.5648,13.738
0.55,0.1,1.3527E-11,3.20749E-10,23.7119,14.129
0.55,0.15,4.52083E-11,1.1038E-09,24.4159,14.5411
0.55,0.2,1.54182E-10,3.79524E-09,24.6152,14.9745
0.55,0.25,5.28555E-10,1.30285E-08,24.6494,15.4277
0.55,0.3,1.81164E-09,4.4594E-08,24.6153,15.8959
0.55,0.35,6.19035E-09,1.51815E-07,24.5245,16.3676
0.55,0.4,2.1017E-08,5.11805E-07,24.3519,16.8193
0.55,0.45,7.0522E-08,1.69555E-06,24.0428,17.2078
0.55,0.5,2.31811E-07,5.45022E-06,23.5115,17.4648
0.55,0.55,7.36251E-07,1.66767E-05,22.6508,17.5129
0.55,0.6,2.21735E-06,4.74014E-05,21.3774,17.3344
0.55,0.65,6.20091E-06,0.000122129,19.6953,17.0775
0.55,0.7,1.58013E-05,0.000279145,17.6659,16.9962
0.55,0.75,3.60736E-05,0.000551842,15.2977,17.07
0.55,0.8,7.26416E-05,0.0009214,12.6842,16.8467
0.55,0.85,0.000128419,0.00130398,10.1541,15.976
0.55,0.9,0.000201875,0.00161974,8.02348,14.6011
0.55,0.95,0.000288853,0.00184559,6.38939,13.0855
0.55,1,0.000385188,0.00199834,5.18797,11.6802
0.55,1.05,0.000487851,0.00210249,4.3097,10.4711
0.55,1.1,0.000594897,0.00217605,3.65785,9.45247
0.55,1.15,0.000705086,0.00222949,3.16201,8.58931
0.55,1.2,0.000817565,0.00226839,2.77457,7.84564
0.55,1.25,0.000931691,0.00229577,2.46409,7.19295
0.55,1.3,0.00104694,0.00231341,2.2097,6.61071
0.55,1.35,0.00116285,0.00232257,1.99732,6.08452
0.55,1.4,0.00127902,0.00232425,1.81721,5.60425
0.55,1.45,0.00139511,0.00231931,1.66245,5.16262
0.55,1.5,0.00151081,0.00230846,1.52797,4.75419
0.55,1.55,0.00162582,0.00229235,1.40997,4.37477
0.55,1.6,0.00173991,0.00227151,1.30553,4.02104
0.55,1.65,0.00185285,0.00224635,1.21238,3.6903
0.55,1.7,0.00196443,0.00221721,1.12868,3.38033
0.55,1.75,0.00207446,0.00218433,1.05296,3.08928
0.6,0,1.80123E-12,2.9558E-11,16.4099,13.903
0.6,0.05,4.718E-12,1.01537E-10,21.5212,14.3037
0.6,0.1,1.47349E-11,3.4871E-10,23.6656,14.7273
0.6,0.15,4.91251E-11,1.19702E-09,24.3667,15.1749
0.6,0.2,1.6713E-10,4.10543E-09,24.5643,15.6469
0.6,0.25,5.71486E-10,1.4058E-08,24.599,16.1421
0.6,0.3,1.95386E-09,4.79962E-08,24.5649,16.6557
0.6,0.35,6.6595E-09,1.62985E-07,24.474,17.1762
0.6,0.4,2.25528E-08,5.48065E-07,24.3014,17.6789
0.6,0.45,7.54843E-08,1.81104E-06,23.9922,18.1181
0.6,0.5,2.47494E-07,5.80627E-06,23.4603,18.4198
0.6,0.55,7.84003E-07,1.77157E-05,22.5965,18.4957
0.6,0.6,2.35421E-06,5.01726E-05,21.3118,18.3118
0.6,0.65,6.55824E-06,0.000128566,19.6037,18.0005
0.6,0.7,1.6621E-05,0.000291526,17.5396,17.8165
0.6,0.75,3.76851E-05,0.0005711,15.1545,17.7686
0.6,0.8,7.53644E-05,0.000946236,12.5555,17.4459
0.6,0.85,0.000132474,0.00133206,10.0552,16.519
0.6,0.9,0.000207372,0.00164905,7.95216,15.1247
0.6,0.95,0.000295818,0.00187489,6.338,13.6114
0.6,1,0.000393605,0.00202709,5.15007,12.2194
0.6,1.05,0.000497689,0.00213062,4.28103,11.0286
0.6,1.1,0.00060613,0.00220373,3.63574,10.0303
0.6,1.15,0.000717696,0.00225697,3.14475,9.18703
0.6,1.2,0.00083155,0.00229595,2.76105,8.46145
0.6,1.25,0.000947061,0.00232366,2.45355,7.8241
0.6,1.3,0.00106371,0.00234187,2.2016,7.25393
0.6,1.35,0.00118106,0.00235183,1.99128,6.7364
0.6,1.4,0.00129873,0.00235453,1.81295,6.26146
0.6,1.45,0.00141636,0.00235085,1.65978,5.82204
0.6,1.5,0.00153367,0.00234151,1.52674,5.41297
0.6,1.55,0.00165038,0.0023272,1.4101,5.03036
0.6,1.6,0.00176627,0.00230847,1.30697,4.67115
0.6,1.65,0.00188111,0.00228578,1.21512,4.33289
0.6,1.7,0.00199474,0.00225953,1.13275,4.01353
0.6,1.75,0.00210696,0.00223001,1.0584,3.71139
0.65,0,1.95755E-12,3.2182E-11,16.44,14.4175
0.65,0.05,5.13189E-12,1.10276E-10,21.4884,14.8481
0.65,0.1,1.59925E-11,3.77779E-10,23.6222,15.3041
0.65,0.15,5.31948E-11,1.29357E-09,24.3176,15.7872
0.65,0.2,1.80524E-10,4.4255E-09,24.5147,16.298
0.65,0.25,6.15753E-10,1.5116E-08,24.5488,16.8356
0.65,0.3,2.09993E-09,5.1479E-08,24.5147,17.3954
0.65,0.35,7.1394E-09,1.74371E-07,24.4238,17.9656
0.65,0.4,2.41174E-08,5.84872E-07,24.2511,18.5207
0.65,0.45,8.05181E-08,1.92776E-06,23.9419,19.0125
0.65,0.5,2.63334E-07,6.16456E-06,23.4097,19.3613
0.65,0.55,8.32035E-07,1.87569E-05,22.5434,19.4682
0.65,0.6,2.49135E-06,5.29396E-05,21.2494,19.2824
0.65,0.65,6.91515E-06,0.000134975,19.5188,18.9192
0.65,0.7,1.74377E-05,0.000303829,17.4237,18.6324
0.65,0.75,3.92879E-05,0.000590192,15.0222,18.458
0.65,0.8,7.80662E-05,0.000970739,12.4348,18.0255
0.65,0.85,0.000136485,0.00135952,9.9609,17.0277
0.65,0.9,0.000212784,0.00167737,7.88295,15.5983
0.65,0.95,0.000302638,0.00190277,6.28729,14.0733
0.65,1,0.000401795,0.002054,5.11205,12.6832
0.65,1.05,0.000507198,0.00215649,4.25177,11.5024
0.65,1.1,0.000616909,0.00222873,3.61274,10.5181
0.65,1.15,0.000729708,0.00228137,3.12642,9.69068
0.65,1.2,0.000844773,0.00232002,2.74633,8.98094
0.65,1.25,0.000961485,0.00234765,2.44169,8.35825
0.65,1.3,0.00107934,0.00236599,2.19208,7.80084
0.65,1.35,0.0011979,0.00237629,1.98371,7.29381
0.65,1.4,0.0013168,0.00237951,1.80704,6.82701
0.65,1.45,0.0014357,0.00237653,1.65531,6.39339
0.65,1.5,0.00155432,0.00236809,1.52356,5.98793
0.65,1.55,0.00167238,0.00235486,1.40809,5.60691
0.65,1.6,0.00178968,0.00233743,1.30606,5.24744
0.65,1.65,0.00190602,0.0023163,1.21526,4.90725
0.65,1.7,0.00202121,0.00229186,1.13391,4.58444
0.65,1.75,0.0021351,0.00226446,1.06059,4.27745
0.7,0,2.12452E-12,3.49283E-11,16.4405,14.9125
0.7,0.05,5.56177E-12,1.1939E-10,21.4662,15.3727
0.7,0.1,1.73035E-11,4.07987E-10,23.5783,15.8612
0.7,0.15,5.74207E-11,1.39353E-09,24.2688,16.3798
0.7,0.2,1.94387E-10,4.75564E-09,24.4648,16.9295
0.7,0.25,6.6138E-10,1.62032E-08,24.499,17.5098
0.7,0.3,2.24992E-09,5.50434E-08,24.4647,18.1163
0.7,0.35,7.63023E-09,1.85977E-07,24.3737,18.737
0.7,0.4,2.5711E-08,6.22232E-07,24.201,19.3458
0.7,0.45,8.5624E-08,2.04572E-06,23.8919,19.8919
0.7,0.5,2.79333E-07,6.5251E-06,23.3595,20.2904
0.7,0.55,8.8035E-07,1.98003E-05,22.4914,20.4313
0.7,0.6,2.62876E-06,5.57026E-05,21.1897,20.2469
0.7,0.65,7.27168E-06,0.000141359,19.4396,19.8346
0.7,0.7,1.82516E-05,0.000316062,17.3169,19.4454
0.7,0.75,4.08827E-05,0.000609141,14.8997,19.1411
0.7,0.8,8.07502E-05,0.000994972,12.3216,18.5908
0.7,0.85,0.00014046,0.0013865,9.87111,17.511
0.7,0.9,0.000218129,0.00170491,7.81609,16.0345
0.7,0.95,0.000309345,0.00192958,6.23762,14.4872
0.7,1,0.000409811,0.00207952,5.07433,13.0903
0.7,1.05,0.000516456,0.00218067,4.22237,11.9123
0.7,1.1,0.000627345,0.00225176,3.58935,10.9366
0.7,1.15,0.000741273,0.00230353,3.10754,10.1211
0.7,1.2,0.00085743,0.00234158,2.73093,9.42436
0.7,1.25,0.000975209,0.00236885,2.42906,8.81464
0.7,1.3,0.00109412,0.00238705,2.18171,8.26931
0.7,1.35,0.00121374,0.00239738,1.97521,7.77297
0.7,1.4,0.00133369,0.00240081,1.80012,7.31522
0.7,1.45,0.00145367,0.00239818,1.64974,6.88895
0.7,1.5,0.00157337,0.00239024,1.51918,6.48918
0.7,1.55,0.00169257,0.00237768,1.40478,6.11226
0.7,1.6,0.00181103,0.00236107,1.30372,5.75544
0.7,1.65,0.00192856,0.00234092,1.21382,5.41654
0.7,1.7,0.00204502,0.00231766,1.13332,5.09381
0.7,1.75,0.00216024,0.00229165,1.06083,4.78576
0.75,0,2.29328E-12,3.78011E-11,16.4834,15.3895
0.75,0.05,6.00764E-12,1.28891E-10,21.4544,15.8791
0.75,0.1,1.86677E-11,4.39364E-10,23.536,16.3998
0.75,0.15,6.18048E-11,1.497E-09,24.2214,16.9538
0.75,0.2,2.08722E-10,5.09606E-09,24.4156,17.5426
0.75,0.25,7.08399E-10,1.73199E-08,24.4494,18.1658
0.75,0.3,2.40388E-09,5.86906E-08,24.4149,18.8194
0.75,0.35,8.13212E-09,1.97805E-07,24.3239,19.4914
0.75,0.4,2.73339E-08,6.60146E-07,24.1512,20.155
0.75,0.45,9.08025E-08,2.16493E-06,23.8422,20.7572
0.75,0.5,2.95493E-07,6.8879E-06,23.3099,21.2075
0.75,0.55,9.28947E-07,2.0846E-05,22.4405,21.3855
0.75,0.6,2.76646E-06,5.84617E-05,21.1323,21.2058
0.75,0.65,7.62784E-06,0.000147717,19.3655,20.7473
0.75,0.7,1.9063E-05,0.000328228,17.2181,20.2567
0.75,0.75,4.24703E-05,0.000627964,14.786,19.82
0.75,0.8,8.34184E-05,0.00101898,12.2153,19.1458
0.75,0.85,0.000144404,0.00141309,9.78569,17.9752
0.75,0.9,0.000223419,0.00173187,7.75166,16.4425
0.75,0.95,0.000315962,0.00195555,6.18921,14.8644
0.75,1,0.000417689,0.00210397,5.03716,13.4536
0.75,1.05,0.000525516,0.00220356,4.19314,12.2727
0.75,1.1,0.000637515,0.0022733,3.56588,11.3012
0.75,1.15,0.000752492,0.002324,3.0884,10.4937
0.75,1.2,0.00086965,0.00236125,2.71517,9.80733
0.75,1.25,0.000988398,0.00238797,2.416,9.20861
0.75,1.3,0.00110825,0.00240583,2.17083,8.67409
0.75,1.35,0.00122881,0.002416,1.96614,8.18781
0.75,1.4,0.00134969,0.00241942,1.79257,7.73905
0.75,1.45,0.0014706,0.00241692,1.64349,7.32057
0.75,1.5,0.00159125,0.00240925,1.51406,6.92733
0.75,1.55,0.0017114,0.00239706,1.40064,6.55574
0.75,1.6,0.00183084,0.00238096,1.30047,6.20309
0.75,1.65,0.00194939,0.00236145,1.21138,5.86729
0.75,1.7,0.00206689,0.00233897,1.13164,5.54666
0.75,1.75,0.0021832,0.00231389,1.05986,5.23981
0.8,0,2.47091E-12,4.08045E-11,16.5139,15.8495
0.8,0.05,6.47482E-12,1.38789E-10,21.4352,16.3683
0.8,0.1,2.00835E-11,4.71943E-10,23.499,16.9211
0.8,0.15,6.63523E-11,1.60404E-09,24.1746,17.5105
0.8,0.2,2.23539E-10,5.44697E-09,24.3671,18.1383
0.8,0.25,7.56833E-10,1.84668E-08,24.4001,18.8046
0.8,0.3,2.5619E-09,6.24216E-08,24.3654,19.5057
0.8,0.35,8.6452E-09,2.09856E-07,24.2743,20.2297
0.8,0.4,2.89865E-08,6.9862E-07,24.1016,20.9492
0.8,0.45,9.6054E-08,2.28539E-06,23.7928,21.609
0.8,0.5,3.11812E-07,7.25294E-06,23.2606,22.1134
0.8,0.55,9.77827E-07,2.18939E-05,22.3903,22.3312
0.8,0.6,2.90445E-06,6.1217E-05,21.077,22.1597
0.8,0.65,7.98365E-06,0.00015405,19.2957,21.6578
0.8,0.7,1.9872E-05,0.000340332,17.1262,21.0671
0.8,0.75,4.4051E-05,0.000646675,14.6801,20.4963
0.8,0.8,8.60725E-05,0.00104281,12.1155,19.6933
0.8,0.85,0.000148322,0.00143938,9.70445,18.4248
0.8,0.9,0.000228663,0.00175834,7.68967,16.8285
0.8,0.95,0.000322504,0.00198086,6.14214,15.213
0.8,1,0.000425455,0.00212758,5.00072,13.7827
0.8,1.05,0.000534419,0.00222545,4.16424,12.5943
0.8,1.1,0.000647473,0.00229367,3.5425,11.6229
0.8,1.15,0.000763436,0.00234315,3.06922,10.8205
0.8,1.2,0.000881527,0.00237947,2.69926,10.1418
0.8,1.25,0.00100117,0.0024055,2.40269,9.55213
0.8,1.3,0.00112189,0.00242289,2.15965,9.02697
0.8,1.35,0.00124328,0.00243275,1.95672,8.54978
0.8,1.4,0.00136501,0.00243602,1.78462,8.10948
0.8,1.45,0.00148674,0.00243349,1.6368,7.69863
0.8,1.5,0.00160822,0.00242591,1.50844,7.3121
0.8,1.55,0.00172921,0.00241392,1.39597,6.94629
0.8,1.6,0.0018495,0.00239812,1.29663,6.59852
0.8,1.65,0.00196892,0.00237902,1.20829,6.26675
0.8,1.7,0.00208731,0.00235706,1.12924,5.94935
0.8,1.75,0.00220453,0.00233261,1.0581,5.64499
0.85,0,2.6521E-12,4.39429E-11,16.5691,16.2939
0.85,0.05,6.95799E-12,1.49098E-10,21.4283,16.8415
0.85,0.1,2.15525E-11,5.05754E-10,23.4661,17.4262
0.85,0.15,7.10685E-11,1.71474E-09,24.1279,18.0508
0.85,0.2,2.38852E-10,5.80857E-09,24.3187,18.7176
0.85,0.25,8.06711E-10,1.96442E-08,24.351,19.4271
0.85,0.3,2.72402E-09,6.62375E-08,24.3161,20.1761
0.85,0.35,9.16962E-09,2.22133E-07,24.2248,20.9527
0.85,0.4,3.06689E-08,7.37653E-07,24.0521,21.729
0.85,0.45,1.01379E-07,2.4071E-06,23.7436,22.4478
0.85,0.5,3.28292E-07,7.62021E-06,23.2117,23.0084
0.85,0.55,1.02699E-06,2.29439E-05,22.341,23.2689
0.85,0.6,3.04272E-06,6.39684E-05,21.0235,23.1087
0.85,0.65,8.33912E-06,0.000160359,19.2298,22.5666
0.85,0.7,2.06785E-05,0.000352375,17.0407,21.8772
0.85,0.75,4.56253E-05,0.000665282,14.5814,21.1712
0.85,0.8,8.87136E-05,0.00106647,12.0215,20.2353
0.85,0.85,0.000152216,0.00146541,9.62718,18.8633
0.85,0.9,0.000233868,0.00178443,7.63008,17.1973
0.85,0.95,0.000328984,0.00200564,6.09648,15.5389
0.85,1,0.000433129,0.00215051,4.96507,14.0847
0.85,1.05,0.000543192,0.00224652,4.13578,12.8848
0.85,1.1,0.000657257,0.00231312,3.51935,11.9104
0.85,1.15,0.000774158,0.00236126,3.0501,11.1103
0.85,1.2,0.000893127,0.00239654,2.68331,10.437
0.85,1.25,0.0010136,0.00242178,2.38928,9.85454
0.85,1.3,0.00113512,0.00243859,2.14831,9.3373
0.85,1.35,0.00125729,0.00244805,1.94709,8.86812
0.85,1.4,0.00137977,0.00245106,1.77643,8.43552
0.85,1.45,0.00150225,0.00244839,1.62982,8.03183
0.85,1.5,0.00162448,0.00244078,1.5025,7.65182
0.85,1.55,0.00174621,0.00242886,1.39093,7.29182
0.85,1.6,0.00186725,0.00241322,1.29239,6.94917
0.85,1.65,0.00198743,0.00239437,1.20476,6.62183
0.85,1.7,0.00210659,0.00237275,1.12634,6.30823
0.85,1.75,0.00222461,0.00234872,1.05579,6.00707
0.9,0,2.84039E-12,4.72206E-11,16.6247,16.7235
0.9,0.05,7.45715E-12,1.59828E-10,21.4329,17.2998
0.9,0.1,2.30855E-11,5.40829E-10,23.4272,17.9161
0.9,0.15,7.59517E-11,1.82917E-09,24.0834,18.5757
0.9,0.2,2.54678E-10,6.18106E-09,24.2701,19.2814
0.9,0.25,8.58057E-10,2.08526E-08,24.3022,20.0342
0.9,0.3,2.89032E-09,7.01391E-08,24.2669,20.8313
0.9,0.35,9.70551E-09,2.34637E-07,24.1756,21.661
0.9,0.4,3.23815E-08,7.7725E-07,24.0029,22.495
0.9,0.45,1.06777E-07,2.53005E-06,23.6946,23.2742
0.9,0.5,3.44931E-07,7.98971E-06,23.1632,23.8929
0.9,0.55,1.07643E-06,2.39961E-05,22.2923,24.1988
0.9,0.6,3.18126E-06,6.6716E-05,20.9716,24.0533
0.9,0.65,8.69425E-06,0.000166645,19.1672,23.4739
0.9,0.7,2.14826E-05,0.00036436,16.9607,22.6875
0.9,0.75,4.71934E-05,0.000683794,14.4892,21.8454
0.9,0.8,9.13427E-05,0.00109,11.933,20.7734
0.9,0.85,0.00015609,0.00149123,9.55367,19.2932
0.9,0.9,0.000239039,0.00181021,7.57283,17.5524
0.9,0.95,0.000335412,0.00202999,6.05223,15.8468
0.9,1,0.000440725,0.0021729,4.93028,14.3647
0.9,1.05,0.000551858,0.00226694,4.10783,13.1503
0.9,1.1,0.000666899,0.0023318,3.49648,12.1701
0.9,1.15,0.000784697,0.00237852,3.03113,11.3699
0.9,1.2,0.000904499,0.00241267,2.66741,10.7001
0.9,1.25,0.00102576,0.00243705,2.37586,10.1232
0.9,1.3,0.00114802,0.0024532,2.1369,9.61248
0.9,1.35,0.00127091,0.00246219,1.93734,9.15022
0.9,1.4,0.00139409,0.00246485,1.76808,8.7245
0.9,1.45,0.00151725,0.00246197,1.62265,8.32738
0.9,1.5,0.00164015,0.00245424,1.49635,7.95349
0.9,1.55,0.00176256,0.00244229,1.38565,7.5991
0.9,1.6,0.00188427,0.00242671,1.28788,7.26151
0.9,1.65,0.00200513,0.002408,1.20092,6.93871
0.9,1.7,0.00212498,0.00238659,1.12311,6.62913
0.9,1.75,0.0022437,0.00236286,1.05311,6.33151
0.95,0,3.03402E-12,5.06421E-11,16.6914,17.1392
0.95,0.05,7.98295E-12,1.70993E-10,21.4197,17.7438
0.95,0.1,2.46736E-11,5.77201E-10,23.3935,18.3915
0.95,0.15,8.10125E-11,1.94744E-09,24.0387,19.086
0.95,0.2,2.71012E-10,6.56464E-09,24.2227,19.8305
0.95,0.25,9.10909E-10,2.20926E-08,24.2533,20.6267
0.95,0.3,3.06084E-09,7.41275E-08,24.218,21.472
0.95,0.35,1.0253E-08,2.47369E-07,24.1266,22.3553
0.95,0.4,3.41243E-08,8.17412E-07,23.954,23.2477
0.95,0.45,1.1225E-07,2.65424E-06,23.6459,24.0885
0.95,0.5,3.61731E-07,8.36141E-06,23.115,24.7674
0.95,0.55,1.12615E-06,2.50505E-05,22.2443,25.1213
0.95,0.6,3.32008E-06,6.94597E-05,20.9211,24.9935
0.95,0.65,9.04903E-06,0.000172906,19.1077,24.38
0.95,0.7,2.22845E-05,0.000376287,16.8856,23.4983
0.95,0.75,4.87554E-05,0.000702216,14.4028,22.5198
0.95,0.8,9.39604E-05,0.0011134,11.8496,21.3089
0.95,0.85,0.000159945,0.00151688,9.48371,19.7164
0.95,0.9,0.000244181,0.00183572,7.51785,17.8967
0.95,0.95,0.000341794,0.00205398,6.00939,16.14
0.95,1,0.000448256,0.00219483,4.89637,14.6269
0.95,1.05,0.000560433,0.00228681,4.08043,13.3952
0.95,1.1,0.000676421,0.00234986,3.47396,12.4069
0.95,1.15,0.000795082,0.00239508,3.01237,11.6047
0.95,1.2,0.000915682,0.00242804,2.65162,10.9367
0.95,1.25,0.00103768,0.00245149,2.36247,10.3638
0.95,1.3,0.00116065,0.00246693,2.12547,9.85837
0.95,1.35,0.00128421,0.00247538,1.92755,9.40201
0.95,1.4,0.00140804,0.00247765,1.75965,8.98233
0.95,1.45,0.00153184,0.00247448,1.61537,8.59114
0.95,1.5,0.00165536,0.00246657,1.49005,8.2229
0.95,1.55,0.00177837,0.00245453,1.38021,7.87379
0.95,1.6,0.0019007,0.00243893,1.28317,7.54107
0.95,1.65,0.00202217,0.00242027,1.19687,7.22273
0.95,1.7,0.00214263,0.00239898,1.11964,6.91719
0.95,1.75,0.00226198,0.00237544,1.05016,6.6232
1,0,3.23652E-12,5.42121E-11,16.7501,17.542
1,0.05,8.52296E-12,1.82604E-10,21.4249,18.1746
1,0.1,2.63221E-11,6.14901E-10,23.3607,18.8533
1,0.15,8.62528E-11,2.06961E-09,23.9947,19.5824
1,0.2,2.87883E-10,6.95952E-09,24.1748,20.3657
1,0.25,9.65279E-10,2.33644E-08,24.2049,21.2051
1,0.3,3.23566E-09,7.82037E-08,24.1693,22.0989
1,0.35,1.08122E-08,2.60333E-07,24.0777,23.036
1,0.4,3.58977E-08,8.58141E-07,23.9052,23.9876
1,0.45,1.17796E-07,2.77968E-06,23.5974,24.8913
1,0.5,3.78691E-07,8.7353E-06,23.0671,25.632
1,0.55,1.17615E-06,2.61068E-05,22.1969,26.0364
1,0.6,3.45917E-06,7.21994E-05,20.8719,25.9295
1,0.65,9.40346E-06,0.000179144,19.0509,25.285
1,0.7,2.30839E-05,0.000388159,16.8151,24.31
1,0.75,5.03115E-05,0.000720553,14.3218,23.1948
1,0.8,9.65675E-05,0.00113669,11.7709,21.8428
1,0.85,0.000163783,0.00154237,9.41711,20.1344
1,0.9,0.000249296,0.00186101,7.46505,18.2322
1,0.95,0.000348138,0.00207767,5.96794,16.4212
1,1,0.000455731,0.00221638,4.86335,14.8744
1,1.05,0.00056893,0.00230622,4.05361,13.6231
1,1.1,0.000685841,0.00236739,3.45181,12.6249
1,1.15,0.000805339,0.00241106,2.99385,11.8189
1,1.2,0.000926705,0.00244278,2.63598,11.1511
1,1.25,0.00104942,0.00246524,2.34916,10.5809
1,1.3,0.00117305,0.00247992,2.11408,10.0797
1,1.35,0.00129725,0.00248778,1.91774,9.62827
1,1.4,0.00142168,0.00248961,1.75117,9.21385
1,1.45,0.00154607,0.00248612,1.60802,8.82795
1,1.5,0.00167017,0.00247797,1.48367,8.46484
1,1.55,0.00179375,0.00246579,1.37465,8.12062
1,1.6,0.00191664,0.00245011,1.27834,7.79249
1,1.65,0.00203866,0.00243144,1.19267,7.47841
1,1.7,0.00215969,0.00241021,1.116,7.1768
1,1.75,0.0022796,0.00238678,1.04702,6.88644
1.05,0,3.44258E-12,5.79351E-11,16.829,17.9325
1.05,0.05,9.08429E-12,1.94674E-10,21.4297,18.5927
1.05,0.1,2.80345E-11,6.53965E-10,23.3272,19.3023
1.05,0.15,9.16813E-11,2.19577E-09,23.95,20.0658
1.05,0.2,3.05292E-10,7.3659E-09,24.1274,20.8875
1.05,0.25,1.0212E-09,2.46688E-08,24.1567,21.7702
1.05,0.3,3.41485E-09,8.23687E-08,24.1207,22.7125
1.05,0.35,1.13833E-08,2.73529E-07,24.0291,23.7039
1.05,0.4,3.7702E-08,8.99439E-07,23.8566,24.7153
1.05,0.45,1.23417E-07,2.90636E-06,23.5491,25.6829
1.05,0.5,3.95812E-07,9.11137E-06,23.0195,26.4871
1.05,0.55,1.22642E-06,2.71652E-05,22.1499,26.9445
1.05,0.6,3.59853E-06,7.4935E-05,20.8238,26.8616
1.05,0.65,9.75753E-06,0.000185358,18.9965,26.1891
1.05,0.7,2.38811E-05,0.000399975,16.7486,25.1228
1.05,0.75,5.18618E-05,0.000738807,14.2457,23.8709
1.05,0.8,9.91641E-05,0.00115988,11.6966,22.3758
1.05,0.85,0.000167605,0.00156773,9.35367,20.5485
1.05,0.9,0.000254388,0.00188612,7.41435,18.5606
1.05,0.95,0.000354446,0.0021011,5.92784,16.6925
1.05,1,0.000463157,0.00223761,4.83121,15.1097
1.05,1.05,0.000577362,0.00232526,4.02738,13.8369
1.05,1.1,0.000695173,0.00238449,3.43006,12.827
1.05,1.15,0.000815484,0.00242655,2.97559,12.0157
1.05,1.2,0.000937591,0.00245697,2.62052,11.3469
1.05,1.25,0.00106099,0.00247842,2.33596,10.7782
1.05,1.3,0.00118526,0.0024923,2.10275,10.2802
1.05,1.35,0.00131006,0.00249954,1.90796,9.83288
1.05,1.4,0.00143507,0.00250088,1.7427,9.42298
1.05,1.45,0.00156001,0.00249703,1.60065,9.04174
1.05,1.5,0.00168464,0.00248861,1.47723,8.68327
1.05,1.55,0.00180875,0.00247624,1.36903,8.34352
1.05,1.6,0.00193216,0.00246044,1.27342,8.01966
1.05,1.65,0.0020547,0.00244172,1.18836,7.70959
1.05,1.7,0.00217624,0.00242048,1.11223,7.41175
1.05,1.75,0.00229666,0.0023971,1.04373,7.12489
1.1,0,3.65574E-12,6.1816E-11,16.9093,18.3113
1.1,0.05,9.66693E-12,2.07215E-10,21.4355,18.9989
1.1,0.1,2.98073E-11,6.94424E-10,23.2971,19.739
1.1,0.15,9.73017E-11,2.326E-09,23.9051,20.5366
1.1,0.2,3.23247E-10,7.78399E-09,24.0806,21.3967
1.1,0.25,1.0787E-09,2.6006E-08,24.1087,22.3225
1.1,0.3,3.59845E-09,8.66234E-08,24.0724,23.3134
1.1,0.35,1.19663E-08,2.8696E-07,23.9806,24.3592
1.1,0.4,3.95372E-08,9.41307E-07,23.8081,25.431
1.1,0.45,1.29113E-07,3.03428E-06,23.501,26.4636
1.1,0.5,4.13092E-07,9.48959E-06,22.9721,27.333
1.1,0.55,1.27697E-06,2.82255E-05,22.1035,27.8456
1.1,0.6,3.73814E-06,7.76665E-05,20.7768,27.7898
1.1,0.65,1.01112E-05,0.000191549,18.9442,27.0924
1.1,0.7,2.4676E-05,0.000411736,16.6857,25.9369
1.1,0.75,5.34064E-05,0.000756983,14.174,24.5485
1.1,0.8,0.000101751,0.00118298,11.6262,22.9085
1.1,0.85,0.000171412,0.00159297,9.29322,20.9596
1.1,0.9,0.000259458,0.00191107,7.36564,18.8832
1.1,0.95,0.000360724,0.00212433,5.88906,16.9556
1.1,1,0.00047054,0.00225856,4.79994,15.3348
1.1,1.05,0.000585735,0.00234396,4.00174,14.0389
1.1,1.1,0.000704431,0.0024012,3.40872,13.0157
1.1,1.15,0.000825534,0.00244161,2.95762,12.1979
1.1,1.2,0.000948359,0.00247071,2.60524,11.5269
1.1,1.25,0.00107241,0.0024911,2.32289,10.9588
1.1,1.3,0.0011973,0.00250415,2.0915,10.463
1.1,1.35,0.00132267,0.00251073,1.89823,10.019
1.1,1.4,0.00144823,0.00251157,1.73424,9.61294
1.1,1.45,0.00157369,0.00250732,1.59327,9.23579
1.1,1.5,0.00169883,0.0024986,1.47077,8.88145
1.1,1.55,0.00182344,0.002486,1.36336,8.54578
1.1,1.6,0.00194733,0.00247006,1.26843,8.22584
1.1,1.65,0.00207035,0.00245124,1.18397,7.91953
1.1,1.7,0.00219236,0.00242996,1.10838,7.62523
1.1,1.75,0.00231326,0.0024066,1.04035,7.34172
1.15,0,3.87601E-12,6.58597E-11,16.9916,18.6793
1.15,0.05,1.0278E-11,2.20242E-10,21.4285,19.3939
1.15,0.1,3.16547E-11,7.36313E-10,23.2608,20.1641
1.15,0.15,1.03114E-10,2.46041E-09,23.861,20.9956
1.15,0.2,3.41775E-10,8.21399E-09,24.0334,21.8938
1.15,0.25,1.13781E-09,2.73766E-08,24.0607,22.8626
1.15,0.3,3.78655E-09,9.09687E-08,24.0242,23.902
1.15,0.35,1.25615E-08,3.00625E-07,23.9323,25.0026
1.15,0.4,4.14037E-08,9.83747E-07,23.7599,26.1353
1.15,0.45,1.34884E-07,3.16344E-06,23.4531,27.2337
1.15,0.5,4.30531E-07,9.86995E-06,22.925,28.1698
1.15,0.55,1.32779E-06,2.92876E-05,22.0575,28.7401
1.15,0.6,3.87801E-06,8.03937E-05,20.7307,28.7142
1.15,0.65,1.04646E-05,0.000197716,18.8939,27.995
1.15,0.7,2.54686E-05,0.000423443,16.6261,26.7524
1.15,0.75,5.49454E-05,0.000775082,14.1064,25.2278
1.15,0.8,0.000104328,0.001206,11.5597,23.4415
1.15,0.85,0.000175205,0.00161812,9.23557,21.3686
1.15,0.9,0.000264508,0.00193589,7.31885,19.2012
1.15,0.95,0.000366974,0.00214737,5.85155,17.212
1.15,1,0.000477884,0.00227929,4.76954,15.5513
1.15,1.05,0.000594057,0.00236238,3.97669,14.2307
1.15,1.1,0.000713622,0.0024176,3.38778,13.1931
1.15,1.15,0.000835501,0.00245632,2.93993,12.3676
1.15,1.2,0.000959026,0.00248405,2.59018,11.6934
1.15,1.25,0.00108372,0.00250336,2.30997,11.1249
1.15,1.3,0.00120919,0.00251554,2.08035,10.6307
1.15,1.35,0.00133512,0.00252145,1.88856,10.1892
1.15,1.4,0.0014612,0.00252175,1.72581,9.78638
1.15,1.45,0.00158716,0.00251708,1.5859,9.41278
1.15,1.5,0.00171278,0.00250804,1.46431,9.06212
1.15,1.55,0.00183785,0.00249519,1.35767,8.73012
1.15,1.6,0.0019622,0.00247907,1.26342,8.41378
1.15,1.65,0.00208566,0.00246013,1.17954,8.11094
1.15,1.7,0.00220812,0.00243878,1.10446,7.81997
1.15,1.75,0.00232946,0.00241539,1.03689,7.53961
1.2,0,4.10694E-12,7.00711E-11,17.0616,19.0368
1.2,0.05,1.09033E-11,2.33768E-10,21.4401,19.7781
1.2,0.1,3.3566E-11,7.79668E-10,23.2279,20.5782
1.2,0.15,1.09125E-10,2.59906E-09,23.8172,21.4432
1.2,0.2,3.60874E-10,8.65613E-09,23.9866,22.3793
1.2,0.25,1.19856E-09,2.87811E-08,24.0131,23.391
1.2,0.3,3.97918E-09,9.54057E-08,23.9762,24.479
1.2,0.35,1.31689E-08,3.14529E-07,23.8842,25.6344
1.2,0.4,4.33017E-08,1.02676E-06,23.7118,26.8284
1.2,0.45,1.4073E-07,3.29384E-06,23.4054,27.9936
1.2,0.5,4.48131E-07,1.02524E-05,22.8782,28.9978
1.2,0.55,1.37888E-06,3.03517E-05,22.0118,29.6279
1.2,0.6,4.01814E-06,8.31166E-05,20.6854,29.6349
1.2,0.65,1.08175E-05,0.000203859,18.8453,28.8971
1.2,0.7,2.62589E-05,0.000435096,16.5695,27.5696
1.2,0.75,5.64788E-05,0.000793106,14.0425,25.9091
1.2,0.8,0.000106896,0.00122893,11.4966,23.9751
1.2,0.85,0.000178984,0.00164318,9.18058,21.7761
1.2,0.9,0.000269539,0.0019606,7.27389,19.5154
1.2,0.95,0.000373199,0.00217026,5.81528,17.4626
1.2,1,0.000485196,0.00229981,4.73997,15.7604
1.2,1.05,0.000602335,0.00238056,3.95222,14.4139
1.2,1.1,0.000722755,0.00243371,3.36726,13.3607
1.2,1.15,0.000845395,0.00247071,2.92255,12.5266
1.2,1.2,0.000969603,0.00249705,2.57533,11.8482
1.2,1.25,0.00109492,0.00251524,2.2972,11.2787
1.2,1.3,0.00122096,0.00252655,2.06931,10.7852
1.2,1.35,0.00134742,0.00253175,1.87896,10.3457
1.2,1.4,0.001474,0.0025315,1.71744,9.94551
1.2,1.45,0.00160044,0.00252639,1.57856,9.57496
1.2,1.5,0.00172651,0.002517,1.45785,9.22755
1.2,1.55,0.00185203,0.00250389,1.35197,8.89886
1.2,1.6,0.0019768,0.00248756,1.25838,8.58579
1.2,1.65,0.00210069,0.00246847,1.17508,8.28614
1.2,1.7,0.00222356,0.00244703,1.1005,7.99826
1.2,1.75,0.00234531,0.00242358,1.03338,7.72086
1.25,0,4.34497E-12,7.44555E-11,17.136,19.3845
1.25,0.05,1.1557E-11,2.47805E-10,21.442,20.1521
1.25,0.1,3.55485E-11,8.24523E-10,23.1943,20.9818
1.25,0.15,1.15335E-10,2.74205E-09,23.7746,21.8801
1.25,0.2,3.80556E-10,9.11062E-09,23.9403,22.8538
1.25,0.25,1.26098E-09,3.02199E-08,23.9654,23.9082
1.25,0.3,4.17645E-09,9.99354E-08,23.9283,25.0447
1.25,0.35,1.37887E-08,3.28671E-07,23.8362,26.2551
1.25,0.4,4.52314E-08,1.07035E-06,23.6639,27.5108
1.25,0.45,1.46652E-07,3.42546E-06,23.3578,28.7435
1.25,0.5,4.65892E-07,1.0637E-05,22.8315,29.8173
1.25,0.55,1.43024E-06,3.14175E-05,21.9665,30.5093
1.25,0.6,4.15852E-06,8.58351E-05,20.6408,30.552
1.25,0.65,1.11701E-05,0.000209979,18.7983,29.7986
1.25,0.7,2.70469E-05,0.000446695,16.5156,28.3884
1.25,0.75,5.80067E-05,0.000811056,13.9821,26.5927
1.25,0.8,0.000109454,0.00125179,11.4367,24.5099
1.25,0.85,0.000182751,0.00166817,9.12808,22.1826
1.25,0.9,0.000274554,0.00198521,7.23068,19.8266
1.25,0.95,0.000379402,0.00219302,5.78019,17.7084
1.25,1,0.000492476,0.00232017,4.71122,15.9634
1.25,1.05,0.000610573,0.00239853,3.92833,14.5897
1.25,1.1,0.000731837,0.00244957,3.34715,13.52
1.25,1.15,0.000855225,0.00248482,2.90546,12.6763
1.25,1.2,0.000980101,0.00250974,2.56069,11.9931
1.25,1.25,0.00110602,0.0025268,2.28459,11.4217
1.25,1.3,0.00123262,0.00253721,2.05838,10.9283
1.25,1.35,0.00135959,0.00254169,1.86945,10.4902
1.25,1.4,0.00148665,0.00254087,1.70912,10.0922
1.25,1.45,0.00161355,0.0025353,1.57126,9.72423
1.25,1.5,0.00174006,0.00252555,1.45141,9.37967
1.25,1.55,0.00186599,0.00251215,1.34628,9.05393
1.25,1.6,0.00199117,0.0024956,1.25333,8.74383
1.25,1.65,0.00211546,0.00247635,1.1706,8.44711
1.25,1.7,0.00223872,0.00245478,1.09651,8.16208
1.25,1.75,0.00236085,0.00243127,1.02982,7.88745
1.3,0,4.59721E-12,7.90179E-11,17.1882,19.7229
1.3,0.05,1.22391E-11,2.62369E-10,21.4369,20.5165
1.3,0.1,3.75948E-11,8.70915E-10,23.1658,21.3753
1.3,0.15,1.21759E-10,2.88947E-09,23.7312,22.3066
1.3,0.2,4.00856E-10,9.57766E-09,23.893,23.3177
1.3,0.25,1.32509E-09,3.16935E-08,23.918,24.4146
1.3,0.3,4.3784E-09,1.04559E-07,23.8805,25.5995
1.3,0.35,1.44211E-08,3.43054E-07,23.7883,26.865
1.3,0.4,4.71932E-08,1.11452E-06,23.6161,28.1828
1.3,0.45,1.5265E-07,3.55832E-06,23.3104,29.4838
1.3,0.5,4.83813E-07,1.10237E-05,22.785,30.6284
1.3,0.55,1.48188E-06,3.2485E-05,21.9215,31.3843
1.3,0.6,4.29915E-06,8.85491E-05,20.5969,31.4656
1.3,0.65,1.15223E-05,0.000216075,18.7527,30.6996
1.3,0.7,2.78327E-05,0.000458241,16.4641,29.2091
1.3,0.75,5.95292E-05,0.000828934,13.9248,27.2787
1.3,0.8,0.000112003,0.00127459,11.3799,25.046
1.3,0.85,0.000186505,0.00169308,9.07794,22.5886
1.3,0.9,0.000279552,0.00200974,7.18913,20.1353
1.3,0.95,0.000385584,0.00221566,5.74625,17.9501
1.3,1,0.00049973,0.00234037,4.68327,16.1611
1.3,1.05,0.000618775,0.00241631,3.905,14.7592
1.3,1.1,0.000740873,0.00246522,3.32745,13.6719
1.3,1.15,0.000864998,0.00249869,2.88867,12.818
1.3,1.2,0.00099053,0.00252217,2.54628,12.1292
1.3,1.25,0.00111704,0.00253808,2.27215,11.5553
1.3,1.3,0.00124418,0.00254756,2.04758,11.0615
1.3,1.35,0.00137165,0.00255132,1.86003,10.6242
1.3,1.4,0.00149918,0.0025499,1.70087,10.2279
1.3,1.45,0.00162651,0.00254386,1.564,9.86217
1.3,1.5,0.00175344,0.00253374,1.44501,9.52009
1.3,1.55,0.00187978,0.00252004,1.34061,9.19697
1.3,1.6,0.00200534,0.00250325,1.24829,8.88956
1.3,1.65,0.00213001,0.00248381,1.16611,8.59551
1.3,1.7,0.00225364,0.00246212,1.09251,8.31311
1.3,1.75,0.00237614,0.0024385,1.02625,8.04104
1.35,0,4.84945E-12,8.37639E-11,17.2728,20.0525
1.35,0.05,1.29319E-11,2.77472E-10,21.4564,20.8717
1.35,0.1,3.97193E-11,9.1888E-10,23.1343,21.7594
1.35,0.15,1.28399E-10,3.04142E-09,23.6873,22.7233
1.35,0.2,4.2175E-10,1.00575E-08,23.847,23.7715
1.35,0.25,1.39094E-09,3.32025E-08,23.8706,24.9106
1.35,0.3,4.58511E-09,1.09276E-07,23.8329,26.1438
1.35,0.35,1.50662E-08,3.57679E-07,23.7405,27.4644
1.35,0.4,4.91873E-08,1.15926E-06,23.5683,28.8446
1.35,0.45,1.58724E-07,3.69241E-06,23.2631,30.2146
1.35,0.5,5.01895E-07,1.14124E-05,22.7387,31.4313
1.35,0.55,1.53379E-06,3.35543E-05,21.8768,32.2532
1.35,0.6,4.44003E-06,9.12584E-05,20.5536,32.3757
1.35,0.65,1.18742E-05,0.000222146,18.7083,31.6002
1.35,0.7,2.86163E-05,0.000469733,16.4149,30.0317
1.35,0.75,6.10463E-05,0.00084674,13.8704,27.9672
1.35,0.8,0.000114544,0.00129731,11.3259,25.5838
1.35,0.85,0.000190248,0.00171794,9.03002,22.9945
1.35,0.9,0.000284536,0.0020342,7.14916,20.4422
1.35,0.95,0.000391747,0.00223821,5.71341,18.1885
1.35,1,0.000506959,0.00236045,4.65609,16.3542
1.35,1.05,0.000626946,0.00243394,3.88222,14.9231
1.35,1.1,0.00074987,0.00248068,3.30815,13.8176
1.35,1.15,0.00087472,0.00251235,2.87217,12.9526
1.35,1.2,0.0010009,0.00253436,2.53209,12.2576
1.35,1.25,0.00112799,0.0025491,2.25987,11.6807
1.35,1.3,0.00125565,0.00255765,2.03691,11.1859
1.35,1.35,0.00138361,0.00256065,1.85071,10.7491
1.35,1.4,0.00151159,0.00255864,1.69269,10.354
1.35,1.45,0.00163935,0.00255212,1.55679,9.99011
1.35,1.5,0.00176668,0.0025416,1.43863,9.65018
1.35,1.55,0.0018934,0.00252759,1.33495,9.32939
1.35,1.6,0.00201934,0.00251056,1.24326,9.02439
1.35,1.65,0.00214436,0.00249092,1.16162,8.73278
1.35,1.7,0.00226834,0.00246908,1.08849,8.4528
1.35,1.75,0.00239118,0.00244535,1.02265,8.1831
1.4,0,5.1088E-12,8.86988E-11,17.362,20.3736
1.4,0.05,1.36708E-11,2.9313E-10,21.442,21.2181
1.4,0.1,4.19185E-11,9.68455E-10,23.1033,22.1343
1.4,0.15,1.35252E-10,3.19797E-09,23.6446,23.1306
1.4,0.2,4.43276E-10,1.05503E-08,23.8007,24.2155
1.4,0.25,1.45854E-09,3.47472E-08,23.8232,25.3967
1.4,0.3,4.79666E-09,1.1409E-07,23.7852,26.6781
1.4,0.35,1.57241E-08,3.72548E-07,23.6928,28.0538
1.4,0.4,5.12141E-08,1.20459E-06,23.5207,29.4967
1.4,0.45,1.64876E-07,3.82773E-06,23.2158,30.9362
1.4,0.5,5.20139E-07,1.18032E-05,22.6924,32.2262
1.4,0.55,1.58596E-06,3.46252E-05,21.8322,33.1159
1.4,0.6,4.58116E-06,9.39631E-05,20.5107,33.2824
1.4,0.65,1.22257E-05,0.000228194,18.6651,32.5005
1.4,0.7,2.93976E-05,0.000481171,16.3677,30.8563
1.4,0.75,6.25582E-05,0.000864475,13.8187,28.6585
1.4,0.8,0.000117076,0.00131997,11.2745,26.1235
1.4,0.85,0.000193979,0.00174274,8.98419,23.4006
1.4,0.9,0.000289506,0.00205859,7.1107,20.7476
1.4,0.95,0.000397892,0.00226068,5.68163,18.4241
1.4,1,0.000514167,0.00238041,4.62965,16.5433
1.4,1.05,0.000635088,0.00245142,3.85997,15.0822
1.4,1.1,0.00075883,0.00249597,3.28924,13.9577
1.4,1.15,0.000884398,0.00252581,2.85597,13.0811
1.4,1.2,0.00101121,0.00254635,2.51812,12.3793
1.4,1.25,0.00113887,0.0025599,2.24776,11.7988
1.4,1.3,0.00126705,0.0025675,2.02636,11.3027
1.4,1.35,0.00139548,0.00256974,1.84148,10.8658
1.4,1.4,0.00152389,0.00256712,1.68458,10.4717
1.4,1.45,0.00165206,0.0025601,1.54964,10.1092
1.4,1.5,0.00177979,0.00254919,1.4323,9.77112
1.4,1.55,0.00190687,0.00253485,1.32932,9.45238
1.4,1.6,0.00203317,0.00251756,1.23824,9.14954
1.4,1.65,0.00215854,0.00249772,1.15713,8.86015
1.4,1.7,0.00228285,0.00247571,1.08448,8.58238
1.4,1.75,0.00240603,0.00245186,1.01905,8.31488
1.45,0,5.38947E-12,9.38282E-11,17.4096,20.6867
1.45,0.05,1.4424E-11,3.09357E-10,21.4474,21.5561
1.45,0.1,4.42029E-11,1.01968E-09,23.0681,22.5006
1.45,0.15,1.42329E-10,3.35924E-09,23.6019,23.5289
1.45,0.2,4.65448E-10,1.10563E-08,23.7541,24.6503
1.45,0.25,1.52794E-09,3.63282E-08,23.776,25.8733
1.45,0.3,5.01313E-09,1.19E-07,23.7376,27.2027
1.45,0.35,1.63951E-08,3.87662E-07,23.645,28.6335
1.45,0.4,5.32739E-08,1.2505E-06,23.473,30.1392
1.45,0.45,1.71106E-07,3.96427E-06,23.1685,31.6489
1.45,0.5,5.38547E-07,1.2196E-05,22.6462,33.0132
1.45,0.55,1.63842E-06,3.56976E-05,21.7879,33.9727
1.45,0.6,4.72256E-06,9.6663E-05,20.4683,34.1858
1.45,0.65,1.25769E-05,0.000234218,18.6229,33.4004
1.45,0.7,3.01769E-05,0.000492556,16.3223,31.6829
1.45,0.75,6.4065E-05,0.00088214,13.7694,29.3526
1.45,0.8,0.0001196,0.00134257,11.2255,26.6652
1.45,0.85,0.000197699,0.0017675,8.94032,23.8073
1.45,0.9,0.000294463,0.00208294,7.07367,21.052
1.45,0.95,0.000404023,0.00228307,5.65085,18.6573
1.45,1,0.000521354,0.00240028,4.60393,16.7291
1.45,1.05,0.000643206,0.00246878,3.83825,15.2371
1.45,1.1,0.000767759,0.00251112,3.27071,14.093
1.45,1.15,0.000894036,0.00253911,2.84005,13.2041
1.45,1.2,0.00102147,0.00255815,2.50437,12.495
1.45,1.25,0.00114969,0.00257049,2.23581,11.9106
1.45,1.3,0.00127838,0.00257713,2.01594,11.4126
1.45,1.35,0.00140727,0.0025786,1.83235,10.9753
1.45,1.4,0.00153611,0.00257536,1.67654,10.5817
1.45,1.45,0.00166468,0.00256784,1.54254,10.2205
1.45,1.5,0.00179278,0.00255651,1.42601,9.88392
1.45,1.55,0.00192022,0.00254185,1.32373,9.56698
1.45,1.6,0.00204686,0.00252428,1.23325,9.26607
1.45,1.65,0.00217256,0.00250423,1.15266,8.97867
1.45,1.7,0.0022972,0.00248205,1.08047,8.70293
1.45,1.75,0.00242068,0.00245807,1.01545,8.43746
1.5,0,5.66658E-12,9.9158E-11,17.4987,20.9921
1.5,0.05,1.52021E-11,3.26169E-10,21.4556,21.8862
1.5,0.1,4.65548E-11,1.07259E-09,23.0393,22.8585
1.5,0.15,1.4964E-10,3.5253E-09,23.5585,23.9185
1.5,0.2,4.88264E-10,1.15758E-08,23.7081,25.0761
1.5,0.25,1.59916E-09,3.7946E-08,23.7287,26.3406
1.5,0.3,5.2346E-09,1.24007E-07,23.6899,27.7178
1.5,0.35,1.70793E-08,4.03024E-07,23.5972,29.2038
1.5,0.4,5.53671E-08,1.29699E-06,23.4253,30.7725
1.5,0.45,1.77414E-07,4.10203E-06,23.1213,32.3528
1.5,0.5,5.57119E-07,1.25909E-05,22.6,33.7926
1.5,0.55,1.69115E-06,3.67717E-05,21.7435,34.8236
1.5,0.6,4.86424E-06,9.9358E-05,20.4262,35.0859
1.5,0.65,1.29277E-05,0.000240218,18.5816,34.2999
1.5,0.7,3.09541E-05,0.000503887,16.2786,32.5116
1.5,0.75,6.55668E-05,0.000899734,13.7224,30.0497
1.5,0.8,0.000122116,0.00136511,11.1788,27.2092
1.5,0.85,0.00020141,0.0017922,8.8983,24.2148
1.5,0.9,0.000299409,0.00210724,7.038,21.3556
1.5,0.95,0.000410139,0.00230541,5.62105,18.8885
1.5,1,0.000528525,0.00242006,4.5789,16.9119
1.5,1.05,0.000651302,0.00248603,3.81702,15.3884
1.5,1.1,0.00077666,0.00252613,3.25256,14.2239
1.5,1.15,0.00090364,0.00255225,2.82442,13.3223
1.5,1.2,0.0010317,0.00256978,2.49083,12.6055
1.5,1.25,0.00116046,0.00258091,2.22403,12.0166
1.5,1.3,0.00128965,0.00258657,2.00564,11.5164
1.5,1.35,0.00141899,0.00258726,1.82332,11.0784
1.5,1.4,0.00154825,0.00258338,1.66859,10.6851
1.5,1.45,0.0016772,0.00257535,1.5355,10.3247
1.5,1.5,0.00180567,0.00256361,1.41976,9.98944
1.5,1.55,0.00193346,0.00254861,1.31816,9.67406
1.5,1.6,0.00206043,0.00253077,1.22827,9.37487
1.5,1.65,0.00218644,0.00251048,1.14821,9.08927
1.5,1.7,0.00231139,0.00248812,1.07646,8.81539
1.5,1.75,0.00243517,0.002464,1.01184,8.55177
1.55,0,5.96145E-12,1.04694E-10,17.5618,21.2903
1.55,0.05,1.60085E-11,3.4358E-10,21.4623,22.2087
1.55,0.1,4.89955E-11,1.12722E-09,23.0066,23.2085
1.55,0.15,1.57179E-10,3.69626E-09,23.5162,24.2998
1.55,0.2,5.11758E-10,1.21089E-08,23.6614,25.4933
1.55,0.25,1.67226E-09,3.9601E-08,23.6812,26.7991
1.55,0.3,5.46115E-09,1.29113E-07,23.6421,28.2239
1.55,0.35,1.77769E-08,4.18634E-07,23.5494,29.7649
1.55,0.4,5.74941E-08,1.34407E-06,23.3775,31.3967
1.55,0.45,1.83802E-07,4.24102E-06,23.0739,33.0482
1.55,0.5,5.75858E-07,1.29877E-05,22.5537,34.5645
1.55,0.55,1.74417E-06,3.78472E-05,21.6993,35.6687
1.55,0.6,5.00619E-06,0.000102048,20.3844,35.9827
1.55,0.65,1.32783E-05,0.000246193,18.5409,35.1993
1.55,0.7,3.17293E-05,0.000515165,16.2363,33.3424
1.55,0.75,6.70639E-05,0.000917259,13.6774,30.7499
1.55,0.8,0.000124625,0.00138759,11.1341,27.7556
1.55,0.85,0.000205111,0.00181687,8.858,24.6233
1.55,0.9,0.000304343,0.0021315,7.00362,21.6588
1.55,0.95,0.000416243,0.0023277,5.59216,19.1181
1.55,1,0.00053568,0.00243978,4.55454,17.0922
1.55,1.05,0.000659379,0.00250319,3.79628,15.5364
1.55,1.1,0.000785538,0.00254103,3.23476,14.3511
1.55,1.15,0.000913214,0.00256526,2.80905,13.4362
1.55,1.2,0.00104188,0.00258125,2.47749,12.7113
1.55,1.25,0.00117119,0.00259116,2.21241,12.1176
1.55,1.3,0.00130086,0.00259584,1.99548,11.6148
1.55,1.35,0.00143064,0.00259574,1.81438,11.1758
1.55,1.4,0.00156031,0.00259122,1.66071,10.7824
1.55,1.45,0.00168965,0.00258267,1.52853,10.4226
1.55,1.5,0.00181846,0.00257051,1.41356,10.0884
1.55,1.55,0.00194659,0.00255515,1.31263,9.77439
1.55,1.6,0.00207388,0.00253703,1.22332,9.47672
1.55,1.65,0.0022002,0.00251652,1.14377,9.19276
1.55,1.7,0.00232545,0.00249397,1.07247,8.92055
1.55,1.75,0.00244952,0.0024697,1.00824,8.65865
1.6,0,6.25633E-12,1.10442E-10,17.6528,21.5815
1.6,0.05,1.6847E-11,3.61606E-10,21.4642,22.5239
1.6,0.1,5.15179E-11,1.18362E-09,22.9749,23.5509
1.6,0.15,1.64974E-10,3.87222E-09,23.4717,24.6732
1.6,0.2,5.35938E-10,1.2656E-08,23.6146,25.9023
1.6,0.25,1.74726E-09,4.12938E-08,23.6335,27.2491
1.6,0.3,5.69288E-09,1.34319E-07,23.5942,28.7213
1.6,0.35,1.84882E-08,4.34495E-07,23.5013,30.3172
1.6,0.4,5.96554E-08,1.39173E-06,23.3295,32.0123
1.6,0.45,1.9027E-07,4.38122E-06,23.0263,33.7354
1.6,0.5,5.94766E-07,1.33866E-05,22.5073,35.329
1.6,0.55,1.79748E-06,3.89241E-05,21.6549,36.5081
1.6,0.6,5.14844E-06,0.000104733,20.3427,36.8763
1.6,0.65,1.36287E-05,0.000252144,18.5009,36.0983
1.6,0.7,3.25026E-05,0.00052639,16.1953,34.1754
1.6,0.75,6.85564E-05,0.000934714,13.6342,31.4531
1.6,0.8,0.000127126,0.00141001,11.0914,28.3046
1.6,0.85,0.000208803,0.0018415,8.81933,25.033
1.6,0.9,0.000309268,0.00215574,6.97045,21.9618
1.6,0.95,0.000422336,0.00234994,5.56415,19.3463
1.6,1,0.000542823,0.00245943,4.5308,17.2703
1.6,1.05,0.000667441,0.00252026,3.776,15.6815
1.6,1.1,0.000794395,0.00255581,3.21731,14.4749
1.6,1.15,0.000922763,0.00257815,2.79394,13.5464
1.6,1.2,0.00105204,0.00259259,2.46436,12.8128
1.6,1.25,0.00118188,0.00260126,2.20095,12.214
1.6,1.3,0.00131203,0.00260494,1.98543,11.7084
1.6,1.35,0.00144225,0.00260404,1.80554,11.268
1.6,1.4,0.00157231,0.00259888,1.6529,10.8743
1.6,1.45,0.00170202,0.00258981,1.52161,10.5149
1.6,1.5,0.00183118,0.00257721,1.4074,10.1816
1.6,1.55,0.00195964,0.00256151,1.30713,9.86866
1.6,1.6,0.00208724,0.00254309,1.2184,9.57233
1.6,1.65,0.00221385,0.00252234,1.13934,9.28982
1.6,1.7,0.00233938,0.0024996,1.06849,9.01914
1.6,1.75,0.00246373,0.00247517,1.00464,8.7588
1.65,0,6.56897E-12,1.16408E-10,17.7208,21.8661
1.65,0.05,1.77174E-11,3.80264E-10,21.4627,22.8321
1.65,0.1,5.41291E-11,1.24182E-09,22.9419,23.8859
1.65,0.15,1.73006E-10,4.05327E-09,23.4284,25.039
1.65,0.2,5.60817E-10,1.32171E-08,23.5676,26.3033
1.65,0.25,1.8242E-09,4.3025E-08,23.5856,27.6908
1.65,0.3,5.92989E-09,1.39625E-07,23.5459,29.2102
1.65,0.35,1.92133E-08,4.50608E-07,23.4529,30.8609
1.65,0.4,6.18516E-08,1.43998E-06,23.2812,32.6194
1.65,0.45,1.9682E-07,4.52264E-06,22.9785,34.4144
1.65,0.5,6.13846E-07,1.37874E-05,22.4607,36.0863
1.65,0.55,1.85108E-06,4.00025E-05,21.6104,37.3419
1.65,0.6,5.29102E-06,0.000107413,20.3011,37.7668
1.65,0.65,1.39789E-05,0.000258071,18.4614,36.9971
1.65,0.7,3.32742E-05,0.00053756,16.1555,35.0107
1.65,0.75,7.00446E-05,0.000952099,13.5928,32.1597
1.65,0.8,0.000129621,0.00143237,11.0505,28.8563
1.65,0.85,0.000212487,0.0018661,8.78216,25.4441
1.65,0.9,0.000314185,0.00217995,6.93841,22.2649
1.65,0.95,0.00042842,0.00237215,5.53697,19.5735
1.65,1,0.000549956,0.00247902,4.50767,17.4465
1.65,1.05,0.000675489,0.00253725,3.75617,15.8242
1.65,1.1,0.000803237,0.00257051,3.20019,14.5957
1.65,1.15,0.000932291,0.00259092,2.77909,13.6531
1.65,1.2,0.00106216,0.00260381,2.45142,12.9106
1.65,1.25,0.00119254,0.00261122,2.18963,12.3063
1.65,1.3,0.00132316,0.00261391,1.9755,11.7976
1.65,1.35,0.00145381,0.0026122,1.7968,11.3556
1.65,1.4,0.00158426,0.00260638,1.64517,10.9613
1.65,1.45,0.00171433,0.00259678,1.51474,10.6021
1.65,1.5,0.00184383,0.00258375,1.40129,10.2694
1.65,1.55,0.0019726,0.00256769,1.30167,9.95745
1.65,1.6,0.0021005,0.00254897,1.21351,9.66228
1.65,1.65,0.00222741,0.00252798,1.13494,9.38107
1.65,1.7,0.00235321,0.00250504,1.06452,9.11178
1.65,1.75,0.00247783,0.00248045,1.00106,8.85287
1.7,0,6.88871E-12,1.22598E-10,17.7969,22.1443
1.7,0.05,1.86198E-11,3.99568E-10,21.4593,23.1336
1.7,0.1,5.68292E-11,1.30187E-09,22.9085,24.214
1.7,0.15,1.81302E-10,4.23951E-09,23.3837,25.3974
1.7,0.2,5.86411E-10,1.37926E-08,23.5204,26.6967
1.7,0.25,1.90314E-09,4.47948E-08,23.5374,28.1246
1.7,0.3,6.17228E-09,1.45032E-07,23.4974,29.691
1.7,0.35,1.99525E-08,4.66975E-07,23.4043,31.3963
1.7,0.4,6.40832E-08,1.48882E-06,23.2326,33.2182
1.7,0.45,2.03453E-07,4.66527E-06,22.9304,35.0856
1.7,0.5,6.33102E-07,1.41902E-05,22.4137,36.8365
1.7,0.55,1.90498E-06,4.10823E-05,21.5657,38.1702
1.7,0.6,5.43393E-06,0.000110088,20.2594,38.6541
1.7,0.65,1.4329E-05,0.000263973,18.4223,37.8958
1.7,0.7,3.40442E-05,0.000548677,16.1166,35.8482
1.7,0.75,7.15288E-05,0.000969415,13.5528,32.8695
1.7,0.8,0.000132109,0.00145468,11.0112,29.4108
1.7,0.85,0.000216165,0.00189066,8.74639,25.8567
1.7,0.9,0.000319095,0.00220413,6.90745,22.5681
1.7,0.95,0.000434497,0.00239433,5.51058,19.7999
1.7,1,0.000557082,0.00249857,4.48511,17.6211
1.7,1.05,0.000683529,0.00255418,3.73676,15.9646
1.7,1.1,0.000812066,0.00258512,3.18339,14.7138
1.7,1.15,0.000941804,0.0026036,2.76448,13.7567
1.7,1.2,0.00107227,0.00261491,2.43867,13.005
1.7,1.25,0.00120317,0.00262106,2.17846,12.395
1.7,1.3,0.00133426,0.00262273,1.96568,11.8828
1.7,1.35,0.00146533,0.00262021,1.78814,11.439
1.7,1.4,0.00159617,0.00261374,1.63751,11.044
1.7,1.45,0.00172659,0.0026036,1.50794,10.6847
1.7,1.5,0.00185642,0.00259013,1.39522,10.3524
1.7,1.55,0.00198551,0.0025737,1.29625,10.0413
1.7,1.6,0.0021137,0.00255469,1.20864,9.7471
1.7,1.65,0.00224088,0.00253345,1.13056,9.46705
1.7,1.7,0.00236696,0.0025103,1.06056,9.19901
1.7,1.75,0.00249183,0.00248554,0.997477,8.94141
1.75,0,7.21911E-12,1.29019E-10,17.8719,22.4165
1.75,0.05,1.95506E-11,4.19536E-10,21.459,23.4288
1.75,0.1,5.96252E-11,1.36381E-09,22.8731,24.5354
1.75,0.15,1.8985E-10,4.43105E-09,23.3398,25.7488
1.75,0.2,6.12744E-10,1.43827E-08,23.4726,27.0827
1.75,0.25,1.98411E-09,4.6604E-08,23.4886,28.5507
1.75,0.3,6.42017E-09,1.50542E-07,23.4483,30.1638
1.75,0.35,2.07062E-08,4.83596E-07,23.3551,31.9237
1.75,0.4,6.6351E-08,1.53826E-06,23.1836,33.809
1.75,0.45,2.10171E-07,4.80912E-06,22.8819,35.749
1.75,0.5,6.52536E-07,1.45949E-05,22.3664,37.5799
1.75,0.55,1.9592E-06,4.21633E-05,21.5206,38.9931
1.75,0.6,5.57722E-06,0.000112758,20.2176,39.5383
1.75,0.65,1.46791E-05,0.000269851,18.3834,38.7942
1.75,0.7,3.48129E-05,0.000559741,16.0786,36.688
1.75,0.75,7.30095E-05,0.000986661,13.5142,33.5827
1.75,0.8,0.000134592,0.00147693,10.9734,29.9682
1.75,0.85,0.000219836,0.0019152,8.71193,26.271
1.75,0.9,0.000323999,0.0022283,6.87749,22.8718
1.75,0.95,0.00044057,0.00241649,5.48492,20.0256
1.75,1,0.000564202,0.00251808,4.46309,17.7943
1.75,1.05,0.000691563,0.00257106,3.71775,16.1031
1.75,1.1,0.000820888,0.00259966,3.16688,14.8295
1.75,1.15,0.000951306,0.00261618,2.7501,13.8576
1.75,1.2,0.00108237,0.00262591,2.42609,13.0964
1.75,1.25,0.00121378,0.00263079,2.16743,12.4803
1.75,1.3,0.00134534,0.00263144,1.95597,11.9644
1.75,1.35,0.00147682,0.0026281,1.77957,11.5186
1.75,1.4,0.00160804,0.00262096,1.62991,11.1226
1.75,1.45,0.00173881,0.00261028,1.50118,10.7631
1.75,1.5,0.00186897,0.00259637,1.3892,10.4311
1.75,1.55,0.00199835,0.00257957,1.29085,10.1206
1.75,1.6,0.00212683,0.00256026,1.20379,9.82727
1.75,1.65,0.00225429,0.00253876,1.12619,9.54823
1.75,1.7,0.00238062,0.0025154,1.05662,9.28132
1.75,1.75,0.00250574,0.00249047,0.993905,9.02492
